,A.1,U.1,G.1,C.1,A.2,U.2,G.2,C.2,A.3,U.3,G.3,C.3,A.4,U.4,G.4,C.4,A.5,U.5,G.5,C.5,A.6,U.6,G.6,C.6,A.7,U.7,G.7,C.7,A.8,U.8,G.8,C.8,A.9,U.9,G.9,C.9,A.10,U.10,G.10,C.10
ME1,0.321,0.57,0.001,0.108,0.538,0.086,0.066,0.31,0.214,0.001,0.784,0.001,0.043,0.001,0.955,0.001,0.001,0.001,0.001,0.997,0.631,0.057,0.311,0.001,0.899,0.099,0.001,0.001,0.001,0.001,0.997,0.001,0.001,0.204,0.199,0.596,0.305,0.074,0.384,0.236
ME2,0.263,0.328,0.178,0.231,0.08,0.116,0.76,0.044,0.941,0.001,0.057,0.001,0.831,0.066,0.015,0.088,0.074,0.001,0.924,0.001,0.892,0.013,0.029,0.066,0.734,0.113,0.01,0.143,0.153,0.052,0.794,0.001,0.959,0.017,0.023,0.001,0.843,0.066,0.054,0.037
ME3,0.273,0.239,0.121,0.366,0.335,0.388,0.258,0.02,0.681,0.154,0.028,0.137,0.067,0.001,0.886,0.046,0.012,0.009,0.978,0.001,0.011,0.003,0.001,0.985,0.697,0.062,0.194,0.047,0.64,0.091,0.176,0.093,0.119,0.079,0.743,0.059,0.077,0.22,0.223,0.479
ME4,0.985,0.001,0.013,0.001,0.001,0.001,0.997,0.001,0.001,0.131,0.642,0.226,0.001,0.203,0.001,0.795,0.001,0.001,0.997,0.001,0.001,0.211,0.787,0.001,0.997,0.001,0.001,0.001,0.997,0.001,0.001,0.001,0.001,0.211,0.596,0.192,0.001,0.997,0.001,0.001
ME5,0.001,0.001,0.001,0.997,0.161,0.161,0.677,0.001,0.001,0.997,0.001,0.001,0.001,0.172,0.001,0.826,0.001,0.001,0.997,0.001,0.768,0.001,0.001,0.23,0.001,0.997,0.001,0.001,0.059,0.67,0.001,0.27,0.41,0.094,0.392,0.104,0.004,0.759,0.236,0.001
ME6,0.136,0.076,0.787,0.001,0.032,0.92,0.047,0.001,0.055,0.834,0.021,0.09,0.019,0.032,0.832,0.117,0.239,0.001,0.248,0.512,0.001,0.001,0.924,0.074,0.078,0.671,0.195,0.056,0.838,0.001,0.139,0.022,0.001,0.001,0.943,0.055,0.032,0.777,0.074,0.117
ME7,0.001,0.693,0.144,0.162,0.902,0.096,0.001,0.001,0.78,0.022,0.155,0.043,0.098,0.822,0.079,0.001,0.846,0.109,0.044,0.001,0.108,0.07,0.06,0.762,0.001,0.997,0.001,0.001,0.59,0.139,0.119,0.152,0.144,0.11,0.001,0.745,0.001,0.861,0.137,0.001
ME8,0.001,0.678,0.157,0.164,0.001,0.997,0.001,0.001,0.001,0.997,0.001,0.001,0.001,0.997,0.001,0.001,0.997,0.001,0.001,0.001,0.001,0.854,0.144,0.001,0.997,0.001,0.001,0.001,0.001,0.001,0.997,0.001,0.2,0.798,0.001,0.001,0.001,0.82,0.001,0.178
ME9,0.559,0.255,0.001,0.185,0.101,0.121,0.634,0.144,0.72,0.013,0.001,0.266,0.719,0.001,0.09,0.19,0.001,0.001,0.136,0.862,0.741,0.054,0.065,0.14,0.934,0.001,0.064,0.001,0.926,0.072,0.001,0.001,0.702,0.138,0.152,0.008,0.588,0.001,0.058,0.353
ME10,0.997,0.001,0.001,0.001,0.001,0.997,0.001,0.001,0.001,0.997,0.001,0.001,0.001,0.001,0.693,0.305,0.001,0.001,0.001,0.997,0.001,0.001,0.001,0.997,0.001,0.001,0.601,0.397,0.001,0.001,0.997,0.001,0.997,0.001,0.001,0.001,0.001,0.001,0.997,0.001
ME11,0.233,0.396,0.145,0.227,0.591,0.201,0.034,0.174,0.176,0.001,0.663,0.16,0.026,0.034,0.939,0.001,0.004,0.001,0.001,0.994,0.638,0.044,0.28,0.038,0.946,0.001,0.042,0.011,0.001,0.008,0.978,0.013,0.169,0.189,0.112,0.53,0.537,0.102,0.101,0.26
ME12,0.088,0.806,0.049,0.057,0.817,0.003,0.05,0.13,0.087,0.045,0.781,0.087,0.095,0.778,0.04,0.087,0.116,0.001,0.667,0.216,0.052,0.001,0.946,0.001,0.04,0.16,0.799,0.001,0.82,0.051,0.042,0.087,0.001,0.05,0.808,0.141,0.083,0.792,0.124,0.001
ME13,0.285,0.001,0.713,0.001,0.303,0.001,0.001,0.695,0.001,0.38,0.001,0.618,0.001,0.001,0.997,0.001,0.021,0.001,0.977,0.001,0.001,0.001,0.997,0.001,0.018,0.711,0.001,0.27,0.001,0.304,0.025,0.67,0.001,0.001,0.001,0.997,0.372,0.001,0.626,0.001
ME14,0.11,0.633,0.136,0.121,0.123,0.104,0.653,0.12,0.71,0.11,0.085,0.095,0.081,0.742,0.098,0.079,0.703,0.102,0.089,0.106,0.12,0.102,0.07,0.708,0.085,0.732,0.117,0.066,0.695,0.135,0.106,0.064,0.739,0.074,0.088,0.099,0.082,0.147,0.685,0.086
ME15,0.001,0.828,0.001,0.17,0.069,0.771,0.093,0.067,0.099,0.001,0.826,0.074,0.001,0.001,0.001,0.997,0.001,0.001,0.997,0.001,0.001,0.9,0.098,0.001,0.997,0.001,0.001,0.001,0.001,0.001,0.997,0.001,0.281,0.077,0.001,0.641,0.001,0.892,0.001,0.106
ME16,0.001,0.15,0.848,0.001,0.997,0.001,0.001,0.001,0.863,0.135,0.001,0.001,0.873,0.001,0.001,0.125,0.863,0.001,0.135,0.001,0.001,0.001,0.001,0.997,0.001,0.997,0.001,0.001,0.113,0.001,0.001,0.885,0.001,0.888,0.11,0.001,0.888,0.11,0.001,0.001
ME17,0.001,0.001,0.499,0.499,0.001,0.997,0.001,0.001,0.001,0.001,0.997,0.001,0.001,0.001,0.997,0.001,0.997,0.001,0.001,0.001,0.001,0.997,0.001,0.001,0.997,0.001,0.001,0.001,0.001,0.997,0.001,0.001,0.001,0.001,0.001,0.997,0.001,0.997,0.001,0.001
ME18,0.001,0.001,0.79,0.208,0.001,0.997,0.001,0.001,0.001,0.997,0.001,0.001,0.001,0.104,0.894,0.001,0.001,0.997,0.001,0.001,0.161,0.118,0.001,0.72,0.001,0.001,0.845,0.153,0.001,0.001,0.001,0.997,0.001,0.001,0.997,0.001,0.126,0.001,0.001,0.872
ME19,0.001,0.953,0.035,0.011,0.105,0.006,0.048,0.841,0.053,0.08,0.798,0.069,0.004,0.929,0.034,0.033,0.717,0.065,0.051,0.167,0.047,0.014,0.921,0.018,0.036,0.748,0.161,0.055,0.259,0.028,0.561,0.152,0.076,0.135,0.683,0.106,0.057,0.861,0.069,0.013
ME20,0.199,0.212,0.565,0.024,0.948,0.018,0.001,0.033,0.582,0.005,0.009,0.404,0.083,0.148,0.732,0.037,0.678,0.168,0.153,0.001,0.784,0.005,0.021,0.19,0.111,0.13,0.723,0.036,0.762,0.043,0.109,0.086,0.463,0.001,0.005,0.531,0.124,0.135,0.71,0.031
ME21,0.997,0.001,0.001,0.001,0.001,0.001,0.001,0.997,0.001,0.001,0.566,0.432,0.159,0.132,0.708,0.001,0.997,0.001,0.001,0.001,0.566,0.001,0.432,0.001,0.001,0.001,0.997,0.001,0.997,0.001,0.001,0.001,0.001,0.001,0.997,0.001,0.001,0.997,0.001,0.001
ME22,0.001,0.001,0.997,0.001,0.001,0.332,0.666,0.001,0.001,0.997,0.001,0.001,0.001,0.001,0.997,0.001,0.001,0.001,0.001,0.997,0.001,0.001,0.997,0.001,0.001,0.001,0.997,0.001,0.001,0.997,0.001,0.001,0.997,0.001,0.001,0.001,0.001,0.666,0.001,0.332
ME23,0.001,0.001,0.001,0.997,0.001,0.001,0.001,0.997,0.997,0.001,0.001,0.001,0.001,0.001,0.001,0.997,0.001,0.001,0.001,0.997,0.484,0.001,0.514,0.001,0.001,0.997,0.001,0.001,0.001,0.241,0.001,0.757,0.001,0.241,0.001,0.757,0.997,0.001,0.001,0.001
ME24,0.785,0.001,0.001,0.213,0.001,0.997,0.001,0.001,0.997,0.001,0.001,0.001,0.001,0.001,0.001,0.997,0.001,0.271,0.001,0.727,0.001,0.001,0.997,0.001,0.997,0.001,0.001,0.001,0.001,0.997,0.001,0.001,0.756,0.242,0.001,0.001,0.001,0.997,0.001,0.001
ME25,0.856,0.048,0.041,0.055,0.09,0.857,0.052,0.001,0.001,0.924,0.001,0.074,0.001,0.001,0.001,0.997,0.001,0.938,0.06,0.001,0.11,0.888,0.001,0.001,0.898,0.1,0.001,0.001,0.001,0.001,0.754,0.244,0.001,0.942,0.056,0.001,0.997,0.001,0.001,0.001
ME26,0.187,0.256,0.127,0.43,0.286,0.366,0.203,0.145,0.997,0.001,0.001,0.001,0.697,0.001,0.001,0.301,0.022,0.059,0.1,0.819,0.739,0.001,0.081,0.179,0.997,0.001,0.001,0.001,0.991,0.001,0.001,0.007,0.405,0.122,0.254,0.218,0.275,0.144,0.174,0.407
ME27,0.001,0.997,0.001,0.001,0.129,0.001,0.166,0.704,0.001,0.997,0.001,0.001,0.001,0.997,0.001,0.001,0.001,0.001,0.001,0.997,0.001,0.125,0.873,0.001,0.78,0.001,0.095,0.124,0.132,0.001,0.866,0.001,0.001,0.118,0.88,0.001,0.997,0.001,0.001,0.001
ME28,0.001,0.001,0.001,0.997,0.001,0.001,0.001,0.997,0.997,0.001,0.001,0.001,0.001,0.001,0.001,0.997,0.001,0.001,0.001,0.997,0.484,0.001,0.514,0.001,0.001,0.997,0.001,0.001,0.001,0.241,0.001,0.757,0.001,0.241,0.001,0.757,0.997,0.001,0.001,0.001
ME29,0.001,0.133,0.001,0.865,0.884,0.001,0.114,0.001,0.001,0.001,0.997,0.001,0.997,0.001,0.001,0.001,0.997,0.001,0.001,0.001,0.828,0.001,0.17,0.001,0.832,0.001,0.001,0.166,0.997,0.001,0.001,0.001,0.001,0.001,0.001,0.997,0.704,0.159,0.001,0.136
ME30,0.075,0.073,0.784,0.068,0.065,0.853,0.017,0.065,0.001,0.937,0.003,0.059,0.001,0.871,0.003,0.125,0.001,0.694,0.227,0.078,0.001,0.997,0.001,0.001,0.97,0.001,0.001,0.028,0.001,0.001,0.997,0.001,0.001,0.073,0.923,0.003,0.491,0.001,0.429,0.079
ME31,0.162,0.681,0.027,0.13,0.734,0.087,0.001,0.178,0.718,0.001,0.134,0.147,0.139,0.095,0.717,0.049,0.147,0.001,0.085,0.767,0.001,0.001,0.997,0.001,0.155,0.001,0.843,0.001,0.896,0.027,0.001,0.076,0.001,0.908,0.001,0.09,0.107,0.106,0.049,0.738
ME32,0.001,0.001,0.001,0.997,0.001,0.001,0.997,0.001,0.001,0.997,0.001,0.001,0.001,0.001,0.997,0.001,0.001,0.5,0.498,0.001,0.001,0.997,0.001,0.001,0.001,0.607,0.391,0.001,0.607,0.391,0.001,0.001,0.001,0.5,0.498,0.001,0.001,0.001,0.997,0.001
ME33,0.001,0.001,0.997,0.001,0.997,0.001,0.001,0.001,0.001,0.001,0.044,0.954,0.001,0.001,0.997,0.001,0.997,0.001,0.001,0.001,0.001,0.899,0.001,0.099,0.001,0.001,0.522,0.476,0.997,0.001,0.001,0.001,0.001,0.001,0.001,0.997,0.001,0.003,0.576,0.42
ME34,0.001,0.001,0.997,0.001,0.154,0.001,0.844,0.001,0.997,0.001,0.001,0.001,0.001,0.03,0.847,0.122,0.122,0.001,0.876,0.001,0.001,0.76,0.105,0.134,0.001,0.892,0.001,0.106,0.001,0.997,0.001,0.001,0.001,0.997,0.001,0.001,0.085,0.001,0.118,0.796
ME35,0.997,0.001,0.001,0.001,0.001,0.001,0.997,0.001,0.759,0.239,0.001,0.001,0.2,0.001,0.798,0.001,0.001,0.001,0.997,0.001,0.001,0.001,0.001,0.997,0.997,0.001,0.001,0.001,0.001,0.856,0.142,0.001,0.001,0.997,0.001,0.001,0.823,0.175,0.001,0.001
ME36,0.997,0.001,0.001,0.001,0.001,0.155,0.677,0.167,0.853,0.145,0.001,0.001,0.001,0.001,0.001,0.997,0.001,0.997,0.001,0.001,0.001,0.001,0.001,0.997,0.001,0.204,0.001,0.794,0.001,0.84,0.001,0.158,0.997,0.001,0.001,0.001,0.001,0.001,0.001,0.997
ME37,0.219,0.198,0.536,0.047,0.208,0.001,0.256,0.535,0.067,0.708,0.031,0.194,0.068,0.93,0.001,0.001,0.342,0.594,0.001,0.063,0.335,0.001,0.079,0.585,0.001,0.402,0.596,0.001,0.223,0.147,0.629,0.001,0.916,0.039,0.044,0.001,0.001,0.181,0.817,0.001
ME38,0.606,0.1,0.143,0.151,0.889,0.029,0.036,0.046,0.035,0.001,0.876,0.088,0.132,0.061,0.806,0.001,0.712,0.103,0.063,0.122,0.068,0.095,0.752,0.085,0.045,0.807,0.108,0.04,0.091,0.001,0.038,0.87,0.001,0.082,0.915,0.002,0.038,0.778,0.135,0.049
ME39,0.001,0.001,0.997,0.001,0.231,0.001,0.767,0.001,0.001,0.704,0.145,0.15,0.001,0.155,0.001,0.843,0.56,0.336,0.103,0.001,0.001,0.67,0.097,0.232,0.845,0.153,0.001,0.001,0.001,0.001,0.231,0.767,0.001,0.103,0.895,0.001,0.991,0.007,0.001,0.001
ME40,0.773,0.124,0.002,0.101,0.079,0.003,0.917,0.001,0.64,0.237,0.122,0.001,0.12,0.878,0.001,0.001,0.001,0.001,0.954,0.044,0.126,0.001,0.872,0.001,0.001,0.823,0.001,0.175,0.093,0.15,0.707,0.05,0.067,0.048,0.787,0.098,0.219,0.667,0.001,0.113
ME41,0.848,0.036,0.028,0.088,0.135,0.001,0.793,0.071,0.031,0.001,0.926,0.042,0.001,0.001,0.005,0.993,0.759,0.019,0.221,0.001,0.754,0.058,0.083,0.105,0.049,0.004,0.888,0.059,0.068,0.306,0.072,0.554,0.295,0.137,0.227,0.341,0.059,0.322,0.307,0.313
ME42,0.001,0.001,0.997,0.001,0.997,0.001,0.001,0.001,0.001,0.001,0.001,0.997,0.001,0.001,0.646,0.352,0.997,0.001,0.001,0.001,0.001,0.997,0.001,0.001,0.001,0.997,0.001,0.001,0.001,0.295,0.703,0.001,0.001,0.997,0.001,0.001,0.646,0.001,0.001,0.352